directory,omim,disease,gene,target_patient_id,source_pmid,phenopacket
OMIM_620851,OMIM:620851,ReNU syndrome,RNU4-2,P06,39369315,PMID_39369315_Participant_9
OMIM_621248,OMIM:621248,"Pulmonary hypertension, primary, 7",SOX17,P02,33952808,PMID_33952808_II_8
OMIM_620887,OMIM:620887,Multiple mitochondrial dysfunctions syndrome 9B,FDXR,P06,29040572,PMID_29040572_Family_13_individual_II_2
OMIM_620923,OMIM:620923,"Parkinson disease 26, autosomal dominant, susceptibility to",RAB32,P02,38858457,PMID_38858457_F15_individual_18
OMIM_621535,OMIM:621535,Spinocerebellar ataxia 52,RAB3A,P02,41492970,PMID_41492970_Individual_T_III_1
OMIM_620985,OMIM:620985,Karayol-Borroto-Haghshenas neurodevelopmental syndrome,MSL2,P01,38815585,PMID_38815585_Individual_5
OMIM_621295,OMIM:621295,"Cerebral arteriopathy, autosomal recessive, with subcortical infarcts and leukoencephalopathy 1",NOTCH3,P02,39191170,PMID_39191170_Family_F3_patient_P10
OMIM_621548,OMIM:621548,Retinitis pigmentosa 101,CLN3,P03,33507216,PMID_33507216_Family_Patient_1037229
OMIM_621226,OMIM:621226,"Spastic ataxia 11, autosomal dominant",TUBA4A,P01,37418012,PMID_37418012_Family_1_III_6
OMIM_620793,OMIM:620793,"Muscular dystrophy, limb-girdle, autosomal recessive 29",SNUPN,P10,38366623,PMID_38366623_Individual_F2_II_3
OMIM_621304,OMIM:621304,Developmental and epileptic encephalopathy 119,RNU2-2,P02,40442284,PMID_40442284_RNU2_2_Individual_5
OMIM_621506,OMIM:621506,Neurodevelopmental disorder with parkinsonism or other movement abnormalities,EPG5,P04,40192014,PMID_40192014_ARPD_F1_II_1
OMIM_620938,OMIM:620938,"Spastic paraplegia 93, autosomal recessive",NFU1,P06,36256512,PMID_36256512_F5_II_2
OMIM_621570,OMIM:621570,Cornelia de Lange syndrome 7,MAU2,P10,41912533,PMID_41912533_Individual_8
OMIM_621192,OMIM:621192,Craniofaciocardiohepatic syndrome,AMOTL1,P07,39538375,PMID_39538375_Woman
OMIM_621474,OMIM:621474,Neurodevelopmental disorder with congenital cardiac defects and variable renal and ocular abnormalities,KDM2B,P03,40420380,PMID_40420380_Participant_2
OMIM_620568,OMIM:620568,Cornelia de Lange syndrome 6,BRD4,P04,35470444,PMID_35470444_P9
OMIM_621302,OMIM:621302,Neurodevelopmental disorder with seizures and joint laxity,RNU5B-1,P05,40379786,PMID_40379786_Patient_159
OMIM_621078,OMIM:621078,"Myopathy, myofibrillar, 13, with rimmed vacuoles",HSPB8,P09,28501893,PMID_28501893_AIII2
OMIM_621182,OMIM:621182,"Neurodevelopmental disorder with poor or absent speech, dysmorphic facies, and behavioral abnormalities",NAV3,P03,39708122,PMID_39708122_F1_VI_2
OMIM_621201,OMIM:621201,"Neurodevelopmental disorder with dysmorphic facies, brain anomalies, and seizures",GTF3C3,P09,39636576,PMID_39636576_F3_Switzerland_P5
OMIM_620746,OMIM:620746,Neurodevelopmental disorder with hypotonia and characteristic brain abnormalities,SLC4A10,P10,38054405,PMID_38054405_Family_1_individual_P1
OMIM_621063,OMIM:621063,Muggenthaler-Chowdhury-Chioza syndrome,HYAL2,P07,28081210,PMID_28081210_FAMILY_1_XII_12
OMIM_621390,OMIM:621390,"Neurodevelopmental disorder with early-onset seizures, facial dysmorphism, and behavioral abnormalities",KLHL20,P10,36214804,PMID_36214804_P12
OMIM_620401,OMIM:620401,"Intellectual developmental disorder, autosomal recessive 84",SGSM3,P01,37833060,PMID_37833060_Family_B_II_2
OMIM_620988,OMIM:620988,"Intellectual developmental disorder, autosomal dominant 75",DHX9,P09,37467750,PMID_37467750_Individual_12
OMIM_621344,OMIM:621344,Dursun-Ozgul neurodevelopmental syndrome,ELFN1,P05,34509675,PMID_34509675_Patient_1
OMIM_621224,OMIM:621224,Ectodermal dysplasia 17 with or without limb malformations,LEF1,P05,35583550,PMID_35583550_Family_1_P3
OMIM_620528,OMIM:620528,"Neuronopathy, distal hereditary motor, autosomal dominant 11",SPTAN1,P09,31332438,PMID_31332438_Individual_B_IV_2
OMIM_620519,OMIM:620519,Arrhythmogenic cardiomyopathy with variable ectodermal abnormalities,PPP1R13L,P05,28069640,PMID_28069640_Patient_Y_M_VI4
OMIM_621421,OMIM:621421,Ramond-Elliott neurodevelopmental syndrome,TRA2B,P09,36549593,PMID_36549593_Id11
OMIM_621097,OMIM:621097,Immunodeficiency 131,IRF4,P05,36662884,PMID_36662884_P6
OMIM_621096,OMIM:621096,Immunodeficiency 132B,TRAF3,P01,35960817,PMID_35960817_Family_B_B3
OMIM_621254,OMIM:621254,Immunodeficiency 133 with ectodermal dysplasia with or without peripheral neuropathy,ITPR3,P05,39270020,PMID_39270020_Patient_1
OMIM_620511,OMIM:620511,Fliedner-Zweier syndrome,SCAF4,P07,32730804,PMID_32730804_Individual_5
OMIM_620450,OMIM:620450,"Intellectual developmental disorder, autosomal dominant 73",TAF4,P10,35904126,PMID_35904126_Proband_7
OMIM_621307,OMIM:621307,Alsahan-Harris syndrome,TBC1D32,P08,36826837,PMID_36826837_Proband_6
OMIM_620775,OMIM:620775,"Neuromuscular disorder, congenital, with dysmorphic facies",FILIP1,P03,37163662,PMID_37163662_Family_B_Patient_3
OMIM_618505,OMIM:618505,Stolerman neurodevelopmental syndrome,KDM6B,P07,37196654,PMID_37196654_Individual_47_DDD_303829
OMIM_618089,OMIM:618089,Intellectual developmental disorder with dysmorphic facies and behavioral abnormalities,FBXO11,P07,38740982,PMID_38740982_Family_4_Individual_4
OMIM_617560,OMIM:617560,"Spastic ataxia 8, autosomal recessive, with hypomyelinating leukodystrophy",NKX6-2,P05,31509304,PMID_31509304_F2_II_1
OMIM_618977,OMIM:618977,Optic atrophy 12,AFG3L2,P07,32600459,PMID_32600459_proband
OMIM_617988,OMIM:617988,Jaberi-Elahi syndrome,GTPBP2,P04,30790272,PMID_30790272_Family_2_Patient_2
OMIM_618443,OMIM:618443,Neurodevelopmental disorder with or without variable brain abnormalities,MAPK8IP3,P06,30612693,PMID_30612693_Individual_1
OMIM_619656,OMIM:619656,Loeys-Dietz syndrome 6,SMAD2,P06,29967133,PMID_29967133_Family_3_III_2
OMIM_617527,OMIM:617527,"Neurodevelopmental disorder with progressive microcephaly, spasticity, and brain anomalies",PLAA,P05,28413018,PMID_28413018_A_IV_7
OMIM_618428,OMIM:618428,Popov-Chang syndrome,YWHAZ,P09,35143101,PMID_35143101_Family_WGSI059JH_individual_iw185
OMIM_617516,OMIM:617516,Stankiewicz-Isidor syndrome,PSMD12,P05,28132691,PMID_28132691_Subject_4
OMIM_620785,OMIM:620785,Neurodevelopmental disorder with progressive movement abnormalities,ACBD6,P01,37951597,PMID_37951597_Family_5_Subject_2
OMIM_621415,OMIM:621415,"Intellectual developmental disorder, autosomal dominant 77",LRRC7,P06,39256359,PMID_39256359_Pedigree_J_case_1
