directory,hypotheses,pooled_actual,pooled_confirmation_only,pooled_screen_only,contradicting_items_ignored,quality_actual,quality_confirmation_only
OMIM_617516,19,6,19,19,14,0.32,1.0
OMIM_617527,19,11,19,19,8,0.58,1.0
OMIM_617560,16,7,16,16,12,0.44,1.0
OMIM_617988,17,7,17,17,12,0.41,1.0
OMIM_618089,19,7,19,19,18,0.37,1.0
OMIM_618428,20,9,18,20,14,0.45,0.9
OMIM_618443,17,7,17,17,10,0.41,1.0
OMIM_618505,16,2,15,16,11,0.12,0.94
OMIM_618977,17,8,17,17,18,0.47,1.0
OMIM_619656,18,3,17,18,20,0.17,0.94
OMIM_620401,18,9,17,18,6,0.5,0.94
OMIM_620450,18,9,16,18,5,0.5,0.89
OMIM_620511,18,9,18,18,5,0.5,1.0
OMIM_620519,19,11,19,19,13,0.58,1.0
OMIM_620528,17,8,17,17,17,0.47,1.0
OMIM_620568,16,6,16,16,12,0.38,1.0
OMIM_620746,17,8,15,17,13,0.47,0.88
OMIM_620775,17,8,16,17,7,0.47,0.94
OMIM_620785,16,12,16,16,3,0.75,1.0
OMIM_620793,17,7,17,17,17,0.41,1.0
OMIM_620851,18,7,18,18,21,0.39,1.0
OMIM_620887,16,9,16,16,7,0.56,1.0
OMIM_620923,17,11,17,17,7,0.65,1.0
OMIM_620938,18,6,18,18,13,0.33,1.0
OMIM_620985,18,9,17,18,8,0.5,0.94
OMIM_620988,19,4,17,19,21,0.21,0.89
OMIM_621063,16,9,16,16,13,0.56,1.0
OMIM_621078,18,7,18,18,20,0.39,1.0
OMIM_621096,17,6,17,17,13,0.35,1.0
OMIM_621097,17,11,17,17,6,0.65,1.0
OMIM_621182,17,6,17,17,13,0.35,1.0
OMIM_621192,18,8,18,18,7,0.44,1.0
OMIM_621201,18,8,18,18,10,0.44,1.0
OMIM_621224,16,7,16,16,11,0.44,1.0
OMIM_621226,16,10,16,16,2,0.62,1.0
OMIM_621248,19,10,19,19,12,0.53,1.0
OMIM_621254,19,4,19,19,12,0.21,1.0
OMIM_621295,17,9,17,17,11,0.53,1.0
OMIM_621302,17,5,17,17,17,0.29,1.0
OMIM_621304,17,4,17,17,14,0.24,1.0
OMIM_621307,16,6,16,16,11,0.38,1.0
OMIM_621344,17,3,16,17,25,0.18,0.94
OMIM_621390,16,8,15,16,7,0.5,0.94
OMIM_621415,16,9,16,16,6,0.56,1.0
OMIM_621421,17,8,16,17,6,0.47,0.94
OMIM_621474,18,9,18,18,9,0.5,1.0
OMIM_621506,17,7,17,17,8,0.41,1.0
OMIM_621535,16,9,16,16,5,0.56,1.0
OMIM_621548,16,9,16,16,8,0.56,1.0
OMIM_621570,16,7,16,16,11,0.44,1.0
